comp533.barrier.Barrier,BarrierClass
comp533.barrier.BarrierInterface,BarrierClass
comp533.client.Client,ClientTokenCounter
comp533.client.ClientInterface,ClientTokenCounter
comp533.controller.Controller,ControllerClass
comp533.controller.ControllerInterface,ControllerClass
comp533.mapper.SumMapper,IntSummingMapperClass
comp533.mapper.MapperInterface,IntSummingMapperClass
comp533.joiner.Joiner,JoinerClass
comp533.joiner.JoinerInterface,JoinerClass
comp533.keyValue.KeyValueInterface,KeyValueClass
comp533.mapper.MapperFactory,MapperFactory
comp533.main.TokenCounterModel,ModelClass
comp533.main.ModelInterface,ModelClass
comp533.main.RemoteModel,ModelClass
comp533.partitioner.Partitioner,PartitionerClass
comp533.partitioner.PartitionerInterface,PartitionerClass
comp533.partitioner.PartitionerFactory,PartitionerFactory
comp533.reducer.ReducerInterface,ReducerClass
comp533.reducer.ReducerFactory,ReducerFactory
facebook.RemoteClientFacebookMapReduce,RemoteClientFacebookMapReduce
comp533.client.ClientInterface,RemoteClientFacebookMapReduce
comp533.client.Client,RemoteClientObjectClass
comp533.client.ClientInterface,RemoteClientObjectClass
comp533.client.ClientInterface,RemoteClientObjectInterface
comp533.main.RemoteModel,RemoteModelInterface
facebook.ServerFacebookMapReduce,ServerFacebookMapReduce
comp533.server.IntegerSummerServer,ServerIntegerSummer
comp533.server.TokenCounterServer,ServerTokenCounter
comp533.slave.SlaveInterface,SlaveClass
facebook.StandAloneFacebookMapReduce,StandAloneFacebookMapReduce
comp533.SumMain,StandAloneIntegerSummer
comp533.MyStandAloneTokenCounter,StandAloneTokenCounter
comp533.mapper.MapperInterface,TokenCountingMapperClass
comp533.view.View,ViewClass
comp533.view.ViewInterface,ViewClass
