#,Time,%Passes,Change,Test,Pass,Partial,Fail,Untested
0,Tue Jan 18 11:32:59 EST 2022,33,33,GreetingMainProvided,GreetingClassRegistryProvided+ GreetingMainProvided+ , , ,A0MnemonicNames A0NoCheckstyleWarnings GreetingCheckstyle GreetingRun ,
1,Tue Jan 18 11:33:01 EST 2022,50,17,GreetingRun,GreetingClassRegistryProvided GreetingMainProvided GreetingRun+ , , ,A0MnemonicNames A0NoCheckstyleWarnings GreetingCheckstyle ,
2,Tue Jan 18 11:33:02 EST 2022,50,0,GreetingCheckstyle,GreetingClassRegistryProvided GreetingMainProvided GreetingRun , ,GreetingCheckstyle+ ,A0MnemonicNames A0NoCheckstyleWarnings ,
3,Tue Jan 18 11:33:04 EST 2022,50,0,A0Style,GreetingClassRegistryProvided GreetingMainProvided GreetingRun , ,A0MnemonicNames+ A0NoCheckstyleWarnings+ GreetingCheckstyle , ,
4,Tue Jan 18 11:33:54 EST 2022,50,0,A0Style,GreetingClassRegistryProvided GreetingMainProvided GreetingRun , ,A0MnemonicNames A0NoCheckstyleWarnings GreetingCheckstyle , ,
5,Tue Jan 18 11:33:56 EST 2022,50,0,GreetingCheckstyle,GreetingClassRegistryProvided GreetingMainProvided GreetingRun , ,A0MnemonicNames A0NoCheckstyleWarnings GreetingCheckstyle , ,
6,Tue Jan 18 11:33:58 EST 2022,50,0,GreetingRun,GreetingClassRegistryProvided GreetingMainProvided GreetingRun , ,A0MnemonicNames A0NoCheckstyleWarnings GreetingCheckstyle , ,
7,Tue Jan 18 11:36:59 EST 2022,50,0,GreetingMainProvided,GreetingClassRegistryProvided GreetingMainProvided GreetingRun , ,A0MnemonicNames A0NoCheckstyleWarnings GreetingCheckstyle , ,
8,Tue Jan 18 11:37:00 EST 2022,50,0,GreetingRun,GreetingClassRegistryProvided GreetingMainProvided GreetingRun , ,A0MnemonicNames A0NoCheckstyleWarnings GreetingCheckstyle , ,
9,Tue Jan 18 11:37:02 EST 2022,50,0,GreetingCheckstyle,GreetingClassRegistryProvided GreetingMainProvided GreetingRun , ,A0MnemonicNames A0NoCheckstyleWarnings GreetingCheckstyle , ,
10,Tue Jan 18 11:37:04 EST 2022,50,0,A0Style,GreetingClassRegistryProvided GreetingMainProvided GreetingRun , ,A0MnemonicNames A0NoCheckstyleWarnings GreetingCheckstyle , ,
11,Tue Jan 18 11:38:32 EST 2022,66,16,GreetingCheckstyle,GreetingCheckstyle+ GreetingClassRegistryProvided GreetingMainProvided GreetingRun , ,A0MnemonicNames A0NoCheckstyleWarnings , ,
12,Tue Jan 18 11:38:59 EST 2022,66,0,GreetingClassRegistryProvided,GreetingCheckstyle GreetingClassRegistryProvided GreetingMainProvided GreetingRun , ,A0MnemonicNames A0NoCheckstyleWarnings , ,
13,Tue Jan 18 11:39:00 EST 2022,66,0,GreetingMainProvided,GreetingCheckstyle GreetingClassRegistryProvided GreetingMainProvided GreetingRun , ,A0MnemonicNames A0NoCheckstyleWarnings , ,
14,Tue Jan 18 11:39:01 EST 2022,66,0,GreetingRun,GreetingCheckstyle GreetingClassRegistryProvided GreetingMainProvided GreetingRun , ,A0MnemonicNames A0NoCheckstyleWarnings , ,
15,Tue Jan 18 11:39:04 EST 2022,66,0,A0MnemonicNames,GreetingCheckstyle GreetingClassRegistryProvided GreetingMainProvided GreetingRun ,A0MnemonicNames+ ,A0NoCheckstyleWarnings , ,
16,Tue Jan 18 11:39:06 EST 2022,66,0,A0NoCheckstyleWarnings,GreetingCheckstyle GreetingClassRegistryProvided GreetingMainProvided GreetingRun ,A0MnemonicNames ,A0NoCheckstyleWarnings , ,
17,Tue Jan 18 11:46:01 EST 2022,66,0,GreetingClassRegistryProvided,GreetingCheckstyle GreetingClassRegistryProvided GreetingMainProvided GreetingRun ,A0MnemonicNames ,A0NoCheckstyleWarnings , ,
18,Tue Jan 18 11:46:04 EST 2022,66,0,GreetingRun,GreetingCheckstyle GreetingClassRegistryProvided GreetingMainProvided GreetingRun ,A0MnemonicNames ,A0NoCheckstyleWarnings , ,
19,Tue Jan 18 11:46:09 EST 2022,66,0,GreetingCheckstyle,GreetingCheckstyle GreetingClassRegistryProvided GreetingMainProvided GreetingRun ,A0MnemonicNames ,A0NoCheckstyleWarnings , ,
20,Tue Jan 18 11:46:11 EST 2022,100,34,A0Style,A0MnemonicNames+ A0NoCheckstyleWarnings+ GreetingCheckstyle GreetingClassRegistryProvided GreetingMainProvided GreetingRun , , , ,
